timestamp,run_id,phase,elapsed_min,meetings_completed,stances_converged,mem_usage_mb,events_emitted
2026-03-20 10:02:30,meeting_endurance_1773972099_0,running,0,1,0,3,0
2026-03-20 10:02:48,meeting_endurance_1773972152_1,running,0,2,0,3,0
2026-03-20 10:03:50,meeting_endurance_1773972170_2,running,1,3,0,3,0
2026-03-20 10:04:14,meeting_endurance_1773972232_3,running,2,4,0,3,0
2026-03-20 10:05:21,meeting_endurance_1773972256_4,running,2,5,0,3,0
2026-03-20 10:07:10,meeting_endurance_1773972323_5,running,3,6,0,3,0
2026-03-20 10:08:15,meeting_endurance_1773972432_6,running,5,7,0,3,0
2026-03-20 10:09:11,meeting_endurance_1773972497_7,running,6,8,0,3,0
2026-03-20 10:10:11,meeting_endurance_1773972553_8,running,7,9,0,3,0
2026-03-20 10:11:18,meeting_endurance_1773972613_9,running,8,10,0,3,0
2026-03-20 10:12:25,meeting_endurance_1773972680_10,running,9,11,0,3,0
2026-03-20 10:13:28,meeting_endurance_1773972747_11,running,10,12,0,3,0
2026-03-20 10:14:34,meeting_endurance_1773972810_12,running,11,13,0,3,0
2026-03-20 10:16:28,meeting_endurance_1773972876_13,running,12,14,0,3,0
2026-03-20 10:16:59,meeting_endurance_1773972990_14,running,14,15,0,3,0
2026-03-20 10:18:23,meeting_endurance_1773973021_15,running,15,16,0,3,0
2026-03-20 10:19:02,meeting_endurance_1773973105_16,running,16,17,0,3,0
2026-03-20 10:19:56,meeting_endurance_1773973144_17,running,17,18,0,3,0
2026-03-20 10:21:07,meeting_endurance_1773973198_18,running,18,19,0,3,0
2026-03-20 10:21:30,meeting_endurance_1773973269_19,running,19,20,0,3,0
2026-03-20 10:23:12,meeting_endurance_1773973292_20,running,19,21,0,3,0
2026-03-20 10:24:44,meeting_endurance_1773973394_21,running,21,22,0,3,0
2026-03-20 10:25:52,meeting_endurance_1773973486_22,running,23,23,0,3,0
2026-03-20 10:26:54,meeting_endurance_1773973554_23,running,24,24,0,3,0
2026-03-20 10:28:08,meeting_endurance_1773973616_24,running,25,25,0,3,0
2026-03-20 10:29:22,meeting_endurance_1773973690_25,running,26,26,0,3,0
2026-03-20 10:30:31,meeting_endurance_1773973764_26,running,27,27,0,3,0
2026-03-20 10:31:37,meeting_endurance_1773973833_27,running,28,28,0,3,0
2026-03-20 10:32:29,meeting_endurance_1773973899_28,running,30,29,0,3,0
2026-03-20 10:33:40,meeting_endurance_1773973951_29,running,30,30,0,3,0
2026-03-20 10:34:51,meeting_endurance_1773974022_30,running,32,31,0,3,0
2026-03-20 10:36:02,meeting_endurance_1773974093_31,running,33,32,0,3,0
2026-03-20 10:37:00,meeting_endurance_1773974164_32,running,34,33,0,3,0
2026-03-20 10:39:01,meeting_endurance_1773974222_33,running,35,34,0,3,0
2026-03-20 10:39:47,meeting_endurance_1773974343_34,running,37,35,0,3,0
2026-03-20 10:40:44,meeting_endurance_1773974389_35,running,38,36,0,3,0
2026-03-20 10:41:21,meeting_endurance_1773974446_36,running,39,37,0,3,0
2026-03-20 10:42:45,meeting_endurance_1773974483_37,running,39,38,0,3,0
2026-03-20 10:43:57,meeting_endurance_1773974567_38,running,41,39,0,3,0
2026-03-20 10:44:42,meeting_endurance_1773974639_39,running,42,40,0,3,0
2026-03-20 10:45:20,meeting_endurance_1773974684_40,running,43,41,0,3,0
2026-03-20 10:46:03,meeting_endurance_1773974722_41,running,43,42,0,3,0
2026-03-20 10:48:17,meeting_endurance_1773974765_42,running,44,43,0,3,0
2026-03-20 10:49:24,meeting_endurance_1773974899_43,running,46,44,0,3,0
2026-03-20 10:50:43,meeting_endurance_1773974966_44,running,47,45,0,3,0
2026-03-20 10:51:46,meeting_endurance_1773975045_45,running,49,46,0,3,0
2026-03-20 10:53:17,meeting_endurance_1773975108_46,running,50,47,0,3,0
2026-03-20 10:54:19,meeting_endurance_1773975199_47,running,51,48,0,3,0
2026-03-20 10:55:28,meeting_endurance_1773975261_48,running,52,49,0,3,0
2026-03-20 10:55:49,meeting_endurance_1773975330_49,running,53,50,0,3,0
2026-03-20 10:56:45,meeting_endurance_1773975351_50,running,54,51,0,3,0
2026-03-20 10:57:42,meeting_endurance_1773975407_51,running,55,52,0,3,0
2026-03-20 10:58:51,meeting_endurance_1773975464_52,running,56,53,0,3,0
2026-03-20 10:59:43,meeting_endurance_1773975533_53,running,57,54,0,3,0
2026-03-20 11:00:52,meeting_endurance_1773975585_54,running,58,55,0,3,0
2026-03-20 11:05:36,meeting_endurance_1773975654_55,running,59,56,0,3,0
2026-03-20 11:06:33,meeting_endurance_1773975938_56,running,63,57,0,3,0
2026-03-20 11:07:17,meeting_endurance_1773975995_57,running,64,58,0,3,0
2026-03-20 11:08:27,meeting_endurance_1773976039_58,running,65,59,0,3,0
2026-03-20 11:09:19,meeting_endurance_1773976109_59,running,66,60,0,3,0
2026-03-20 11:10:29,meeting_endurance_1773976161_60,running,67,61,0,3,0
2026-03-20 11:11:26,meeting_endurance_1773976231_61,running,68,62,0,3,0
2026-03-20 11:12:38,meeting_endurance_1773976288_62,running,69,63,0,3,0
2026-03-20 11:13:19,meeting_endurance_1773976360_63,running,71,64,0,3,0
2026-03-20 11:14:36,meeting_endurance_1773976401_64,running,71,65,0,3,0
2026-03-20 11:15:02,meeting_endurance_1773976478_65,running,72,66,0,3,0
2026-03-20 11:16:11,meeting_endurance_1773976504_66,running,73,67,0,3,0
2026-03-20 11:17:13,meeting_endurance_1773976573_67,running,74,68,0,3,0
2026-03-20 11:17:50,meeting_endurance_1773976635_68,running,75,69,0,3,0
2026-03-20 11:18:55,meeting_endurance_1773976672_69,running,76,70,0,3,0
2026-03-20 11:19:57,meeting_endurance_1773976737_70,running,77,71,0,3,0
2026-03-20 11:21:12,meeting_endurance_1773976799_71,running,78,72,0,3,0
2026-03-20 11:22:14,meeting_endurance_1773976874_72,running,79,73,0,3,0
2026-03-20 11:23:10,meeting_endurance_1773976936_73,running,80,74,0,3,0
2026-03-20 11:24:36,meeting_endurance_1773976992_74,running,81,75,0,3,0
2026-03-20 11:25:52,meeting_endurance_1773977078_75,running,82,76,0,3,0
2026-03-20 11:27:01,meeting_endurance_1773977154_76,running,84,77,0,3,0
2026-03-20 11:28:13,meeting_endurance_1773977223_77,running,85,78,0,3,0
2026-03-20 11:28:56,meeting_endurance_1773977295_78,running,86,79,0,3,0
2026-03-20 11:29:43,meeting_endurance_1773977338_79,running,87,80,0,3,0
2026-03-20 11:31:01,meeting_endurance_1773977385_80,running,88,81,0,3,0
2026-03-20 11:31:41,meeting_endurance_1773977463_81,running,89,82,0,3,0
2026-03-20 11:32:47,meeting_endurance_1773977503_82,running,90,83,0,3,0
2026-03-20 11:33:41,meeting_endurance_1773977569_83,running,91,84,0,3,0
2026-03-20 11:34:56,meeting_endurance_1773977623_84,running,92,85,0,3,0
2026-03-20 11:35:55,meeting_endurance_1773977698_85,running,93,86,0,3,0
2026-03-20 11:37:34,meeting_endurance_1773977757_86,running,94,87,0,3,0
2026-03-20 11:38:50,meeting_endurance_1773977856_87,running,95,88,0,3,0
2026-03-20 11:39:43,meeting_endurance_1773977932_88,running,97,89,0,3,0
2026-03-20 11:41:16,meeting_endurance_1773977985_89,running,98,90,0,3,0
2026-03-20 11:42:25,meeting_endurance_1773978078_90,running,99,91,0,3,0
2026-03-20 11:43:21,meeting_endurance_1773978147_91,running,100,92,0,3,0
2026-03-20 11:44:27,meeting_endurance_1773978203_92,running,101,93,0,3,0
2026-03-20 11:45:29,meeting_endurance_1773978269_93,running,102,94,0,3,0
2026-03-20 11:46:27,meeting_endurance_1773978331_94,running,103,95,0,3,0
2026-03-20 11:47:57,meeting_endurance_1773978389_95,running,104,96,0,3,0
2026-03-20 11:49:10,meeting_endurance_1773978479_96,running,106,97,0,3,0
2026-03-20 11:49:44,meeting_endurance_1773978552_97,running,107,98,0,3,0
2026-03-20 11:50:54,meeting_endurance_1773978586_98,running,108,99,0,3,0
2026-03-20 11:52:08,meeting_endurance_1773978656_99,running,109,100,0,3,0
2026-03-20 11:53:21,meeting_endurance_1773978730_100,running,110,101,0,3,0
2026-03-20 11:53:41,meeting_endurance_1773978803_101,running,111,102,0,3,0
2026-03-20 11:54:39,meeting_endurance_1773978823_102,running,112,103,0,3,0
2026-03-20 11:55:42,meeting_endurance_1773978881_103,running,113,104,0,3,0
2026-03-20 11:56:44,meeting_endurance_1773978944_104,running,114,105,0,3,0
2026-03-20 11:57:48,meeting_endurance_1773979006_105,running,115,106,0,3,0
2026-03-20 11:58:49,meeting_endurance_1773979070_106,running,116,107,0,3,0
2026-03-20 11:59:42,meeting_endurance_1773979131_107,running,117,108,0,3,0
2026-03-20 12:00:51,meeting_endurance_1773979184_108,running,118,109,0,3,0
2026-03-20 12:01:51,meeting_endurance_1773979253_109,running,119,110,0,3,0
2026-03-20 12:03:17,meeting_endurance_1773979313_110,running,120,111,0,3,0
2026-03-20 12:04:10,meeting_endurance_1773979399_111,running,121,112,0,3,0
2026-03-20 12:04:44,meeting_endurance_1773979452_112,running,122,113,0,3,0
2026-03-20 12:05:54,meeting_endurance_1773979486_113,running,123,114,0,3,0
2026-03-20 12:07:20,meeting_endurance_1773979556_114,running,124,115,0,3,0
2026-03-20 12:07:44,meeting_endurance_1773979642_115,running,125,116,0,3,0
2026-03-20 12:08:45,meeting_endurance_1773979666_116,running,126,117,0,3,0
2026-03-20 12:09:47,meeting_endurance_1773979727_117,running,127,118,0,3,0
2026-03-20 12:10:30,meeting_endurance_1773979789_118,running,128,119,0,3,0
2026-03-20 12:11:12,meeting_endurance_1773979832_119,running,128,120,0,3,0
2026-03-20 12:12:53,meeting_endurance_1773979874_120,running,129,121,0,3,0
2026-03-20 12:14:03,meeting_endurance_1773979975_121,running,131,122,0,3,0
2026-03-20 12:15:16,meeting_endurance_1773980045_122,running,132,123,0,3,0
2026-03-20 12:15:39,meeting_endurance_1773980118_123,running,133,124,0,3,0
2026-03-20 12:16:54,meeting_endurance_1773980141_124,running,134,125,0,3,0
2026-03-20 12:18:02,meeting_endurance_1773980216_125,running,135,126,0,3,0
2026-03-20 12:19:02,meeting_endurance_1773980284_126,running,136,127,0,3,0
2026-03-20 12:19:20,meeting_endurance_1773980344_127,running,137,128,0,3,0
2026-03-20 12:19:38,meeting_endurance_1773980362_128,running,137,129,0,3,0
2026-03-20 12:20:23,meeting_endurance_1773980380_129,running,138,130,0,3,0
2026-03-20 12:21:17,meeting_endurance_1773980425_130,running,138,131,0,3,0
2026-03-20 12:22:35,meeting_endurance_1773980479_131,running,139,132,0,3,0
2026-03-20 12:23:44,meeting_endurance_1773980557_132,running,140,133,0,3,0
2026-03-20 12:24:09,meeting_endurance_1773980626_133,running,142,134,0,3,0
2026-03-20 12:25:10,meeting_endurance_1773980651_134,running,142,135,0,3,0
2026-03-20 12:26:17,meeting_endurance_1773980712_135,running,143,136,0,3,0
2026-03-20 12:27:17,meeting_endurance_1773980779_136,running,144,137,0,3,0
2026-03-20 12:28:02,meeting_endurance_1773980839_137,running,145,138,0,3,0
2026-03-20 12:29:06,meeting_endurance_1773980884_138,running,146,139,0,3,0
2026-03-20 12:30:44,meeting_endurance_1773980948_139,running,147,140,0,3,0
