timestamp,run_id,phase,elapsed_min,meetings_completed,stances_converged,mem_usage_mb,events_emitted,meeting_sessions,meeting_turns,stance_updates,challenge_windows,moderator_decisions
2026-03-20 17:32:38,meeting_endurance_v2_1773999158_0,running,0,1,0,3,0,1,1,1,0,0
2026-03-20 17:32:43,meeting_endurance_v2_1773999163_1,running,0,2,0,3,0,1,1,1,0,0
2026-03-20 17:32:49,meeting_endurance_v2_1773999168_2,running,0,3,0,3,0,1,1,1,0,0
2026-03-20 17:32:54,meeting_endurance_v2_1773999174_3,running,0,4,0,3,0,1,1,1,0,0
2026-03-20 17:32:59,meeting_endurance_v2_1773999179_4,running,0,5,0,3,0,1,1,1,0,0
2026-03-20 17:33:05,meeting_endurance_v2_1773999184_5,running,0,6,0,3,0,1,1,1,0,0
2026-03-20 17:33:10,meeting_endurance_v2_1773999190_6,running,0,7,0,3,0,1,1,1,0,0
2026-03-20 17:33:15,meeting_endurance_v2_1773999195_7,running,0,8,0,3,0,1,1,1,0,0
2026-03-20 17:33:21,meeting_endurance_v2_1773999200_8,running,0,9,0,3,0,1,1,1,0,0
2026-03-20 17:33:26,meeting_endurance_v2_1773999206_9,running,0,10,0,3,0,1,1,1,0,0
2026-03-20 17:33:31,meeting_endurance_v2_1773999211_10,running,0,11,0,3,0,1,1,1,0,0
2026-03-20 17:33:37,meeting_endurance_v2_1773999216_11,running,0,12,0,3,0,1,1,1,0,0
2026-03-20 17:33:42,meeting_endurance_v2_1773999222_12,running,1,13,0,3,0,1,1,1,0,0
2026-03-20 17:33:47,meeting_endurance_v2_1773999227_13,running,1,14,0,3,0,1,1,1,0,0
2026-03-20 17:33:53,meeting_endurance_v2_1773999232_14,running,1,15,0,3,0,1,1,1,0,0
2026-03-20 17:33:58,meeting_endurance_v2_1773999238_15,running,1,16,0,3,0,1,1,1,0,0
2026-03-20 17:34:03,meeting_endurance_v2_1773999243_16,running,1,17,0,3,0,1,1,1,0,0
2026-03-20 17:34:09,meeting_endurance_v2_1773999248_17,running,1,18,0,3,0,1,1,1,0,0
2026-03-20 17:34:14,meeting_endurance_v2_1773999254_18,running,1,19,0,3,0,1,1,1,0,0
2026-03-20 17:34:19,meeting_endurance_v2_1773999259_19,running,1,20,0,3,0,1,1,1,0,0
2026-03-20 17:34:24,meeting_endurance_v2_1773999264_20,running,1,21,0,3,0,1,1,1,0,0
2026-03-20 17:34:30,meeting_endurance_v2_1773999269_21,running,1,22,0,3,0,1,1,1,0,0
2026-03-20 17:34:35,meeting_endurance_v2_1773999275_22,running,1,23,0,3,0,1,1,1,0,0
2026-03-20 17:34:40,meeting_endurance_v2_1773999280_23,running,2,24,0,3,0,1,1,1,0,0
2026-03-20 17:34:46,meeting_endurance_v2_1773999285_24,running,2,25,0,3,0,1,1,1,0,0
2026-03-20 17:34:51,meeting_endurance_v2_1773999291_25,running,2,26,0,3,0,1,1,1,0,0
2026-03-20 17:34:56,meeting_endurance_v2_1773999296_26,running,2,27,0,3,0,1,1,1,0,0
2026-03-20 17:35:02,meeting_endurance_v2_1773999301_27,running,2,28,0,3,0,1,1,1,0,0
2026-03-20 17:35:07,meeting_endurance_v2_1773999307_28,running,2,29,0,3,0,1,1,1,0,0
2026-03-20 17:35:12,meeting_endurance_v2_1773999312_29,running,2,30,0,3,0,1,1,1,0,0
2026-03-20 17:35:18,meeting_endurance_v2_1773999317_30,running,2,31,0,3,0,1,1,1,0,0
2026-03-20 17:35:23,meeting_endurance_v2_1773999323_31,running,2,32,0,3,0,1,1,1,0,0
2026-03-20 17:35:28,meeting_endurance_v2_1773999328_32,running,2,33,0,3,0,1,1,1,0,0
2026-03-20 17:35:34,meeting_endurance_v2_1773999333_33,running,2,34,0,3,0,1,1,1,0,0
2026-03-20 17:35:39,meeting_endurance_v2_1773999339_34,running,3,35,0,3,0,1,1,1,0,0
2026-03-20 17:35:44,meeting_endurance_v2_1773999344_35,running,3,36,0,3,0,1,1,1,0,0
2026-03-20 17:35:50,meeting_endurance_v2_1773999349_36,running,3,37,0,3,0,1,1,1,0,0
2026-03-20 17:35:55,meeting_endurance_v2_1773999355_37,running,3,38,0,3,0,1,1,1,0,0
2026-03-20 17:36:00,meeting_endurance_v2_1773999360_38,running,3,39,0,3,0,1,1,1,0,0
2026-03-20 17:36:06,meeting_endurance_v2_1773999365_39,running,3,40,0,3,0,1,1,1,0,0
2026-03-20 17:36:11,meeting_endurance_v2_1773999371_40,running,3,41,0,3,0,1,1,1,0,0
2026-03-20 17:36:16,meeting_endurance_v2_1773999376_41,running,3,42,0,3,0,1,1,1,0,0
2026-03-20 17:36:22,meeting_endurance_v2_1773999381_42,running,3,43,0,3,0,1,1,1,0,0
2026-03-20 17:36:27,meeting_endurance_v2_1773999387_43,running,3,44,0,3,0,1,1,1,0,0
2026-03-20 17:36:32,meeting_endurance_v2_1773999392_44,running,3,45,0,3,0,1,1,1,0,0
2026-03-20 17:36:38,meeting_endurance_v2_1773999397_45,running,3,46,0,3,0,1,1,1,0,0
2026-03-20 17:36:43,meeting_endurance_v2_1773999403_46,running,4,47,0,3,0,1,1,1,0,0
2026-03-20 17:36:48,meeting_endurance_v2_1773999408_47,running,4,48,0,3,0,1,1,1,0,0
2026-03-20 17:36:54,meeting_endurance_v2_1773999413_48,running,4,49,0,3,0,1,1,1,0,0
2026-03-20 17:36:59,meeting_endurance_v2_1773999419_49,running,4,50,0,3,0,1,1,1,0,0
2026-03-20 17:37:04,meeting_endurance_v2_1773999424_50,running,4,51,0,3,0,1,1,1,0,0
2026-03-20 17:37:10,meeting_endurance_v2_1773999429_51,running,4,52,0,3,0,1,1,1,0,0
2026-03-20 17:37:15,meeting_endurance_v2_1773999435_52,running,4,53,0,3,0,1,1,1,0,0
2026-03-20 17:37:20,meeting_endurance_v2_1773999440_53,running,4,54,0,3,0,1,1,1,0,0
2026-03-20 17:37:25,meeting_endurance_v2_1773999445_54,running,4,55,0,3,0,1,1,1,0,0
2026-03-20 17:37:31,meeting_endurance_v2_1773999450_55,running,4,56,0,3,0,1,1,1,0,0
2026-03-20 17:37:36,meeting_endurance_v2_1773999456_56,running,4,57,0,3,0,1,1,1,0,0
2026-03-20 17:37:42,meeting_endurance_v2_1773999461_57,running,5,58,0,3,0,1,1,1,0,0
2026-03-20 17:37:47,meeting_endurance_v2_1773999467_58,running,5,59,0,3,0,1,1,1,0,0
2026-03-20 17:37:52,meeting_endurance_v2_1773999472_59,running,5,60,0,3,0,1,1,1,0,0
2026-03-20 17:37:57,meeting_endurance_v2_1773999477_60,running,5,61,0,3,0,1,1,1,0,0
2026-03-20 17:38:03,meeting_endurance_v2_1773999482_61,running,5,62,0,3,0,1,1,1,0,0
2026-03-20 17:38:08,meeting_endurance_v2_1773999488_62,running,5,63,0,3,0,1,1,1,0,0
2026-03-20 17:38:13,meeting_endurance_v2_1773999493_63,running,5,64,0,3,0,1,1,1,0,0
2026-03-20 17:38:19,meeting_endurance_v2_1773999498_64,running,5,65,0,3,0,1,1,1,0,0
2026-03-20 17:38:24,meeting_endurance_v2_1773999504_65,running,5,66,0,3,0,1,1,1,0,0
2026-03-20 17:38:29,meeting_endurance_v2_1773999509_66,running,5,67,0,3,0,1,1,1,0,0
2026-03-20 17:38:35,meeting_endurance_v2_1773999514_67,running,5,68,0,3,0,1,1,1,0,0
2026-03-20 17:38:40,meeting_endurance_v2_1773999520_68,running,6,69,0,3,0,1,1,1,0,0
2026-03-20 17:38:45,meeting_endurance_v2_1773999525_69,running,6,70,0,3,0,1,1,1,0,0
2026-03-20 17:38:51,meeting_endurance_v2_1773999530_70,running,6,71,0,3,0,1,1,1,0,0
2026-03-20 17:38:56,meeting_endurance_v2_1773999536_71,running,6,72,0,3,0,1,1,1,0,0
2026-03-20 17:39:01,meeting_endurance_v2_1773999541_72,running,6,73,0,3,0,1,1,1,0,0
2026-03-20 17:39:07,meeting_endurance_v2_1773999546_73,running,6,74,0,3,0,1,1,1,0,0
2026-03-20 17:39:12,meeting_endurance_v2_1773999552_74,running,6,75,0,3,0,1,1,1,0,0
2026-03-20 17:39:17,meeting_endurance_v2_1773999557_75,running,6,76,0,3,0,1,1,1,0,0
2026-03-20 17:39:23,meeting_endurance_v2_1773999562_76,running,6,77,0,3,0,1,1,1,0,0
2026-03-20 17:39:28,meeting_endurance_v2_1773999568_77,running,6,78,0,3,0,1,1,1,0,0
2026-03-20 17:39:33,meeting_endurance_v2_1773999573_78,running,6,79,0,3,0,1,1,1,0,0
2026-03-20 17:39:39,meeting_endurance_v2_1773999578_79,running,7,80,0,3,0,1,1,1,0,0
2026-03-20 17:39:44,meeting_endurance_v2_1773999584_80,running,7,81,0,3,0,1,1,1,0,0
2026-03-20 17:39:49,meeting_endurance_v2_1773999589_81,running,7,82,0,3,0,1,1,1,0,0
2026-03-20 17:39:55,meeting_endurance_v2_1773999594_82,running,7,83,0,3,0,1,1,1,0,0
2026-03-20 17:40:00,meeting_endurance_v2_1773999600_83,running,7,84,0,3,0,1,1,1,0,0
2026-03-20 17:40:05,meeting_endurance_v2_1773999605_84,running,7,85,0,3,0,1,1,1,0,0
2026-03-20 17:40:11,meeting_endurance_v2_1773999610_85,running,7,86,0,3,0,1,1,1,0,0
2026-03-20 17:40:16,meeting_endurance_v2_1773999616_86,running,7,87,0,3,0,1,1,1,0,0
2026-03-20 17:40:21,meeting_endurance_v2_1773999621_87,running,7,88,0,3,0,1,1,1,0,0
2026-03-20 17:40:27,meeting_endurance_v2_1773999626_88,running,7,89,0,3,0,1,1,1,0,0
2026-03-20 17:40:32,meeting_endurance_v2_1773999632_89,running,7,90,0,3,0,1,1,1,0,0
2026-03-20 17:40:37,meeting_endurance_v2_1773999637_90,running,7,91,0,3,0,1,1,1,0,0
2026-03-20 17:40:43,meeting_endurance_v2_1773999642_91,running,8,92,0,3,0,1,1,1,0,0
2026-03-20 17:40:48,meeting_endurance_v2_1773999648_92,running,8,93,0,3,0,1,1,1,0,0
2026-03-20 17:40:53,meeting_endurance_v2_1773999653_93,running,8,94,0,3,0,1,1,1,0,0
2026-03-20 17:40:58,meeting_endurance_v2_1773999658_94,running,8,95,0,3,0,1,1,1,0,0
2026-03-20 17:41:04,meeting_endurance_v2_1773999663_95,running,8,96,0,3,0,1,1,1,0,0
2026-03-20 17:41:09,meeting_endurance_v2_1773999669_96,running,8,97,0,3,0,1,1,1,0,0
2026-03-20 17:41:14,meeting_endurance_v2_1773999674_97,running,8,98,0,3,0,1,1,1,0,0
2026-03-20 17:41:20,meeting_endurance_v2_1773999679_98,running,8,99,0,3,0,1,1,1,0,0
2026-03-20 17:41:25,meeting_endurance_v2_1773999685_99,running,8,100,0,3,0,1,1,1,0,0
2026-03-20 17:41:30,meeting_endurance_v2_1773999690_100,running,8,101,0,3,0,1,1,1,0,0
2026-03-20 17:41:36,meeting_endurance_v2_1773999695_101,running,8,102,0,3,0,1,1,1,0,0
2026-03-20 17:41:41,meeting_endurance_v2_1773999701_102,running,9,103,0,3,0,1,1,1,0,0
2026-03-20 17:41:46,meeting_endurance_v2_1773999706_103,running,9,104,0,3,0,1,1,1,0,0
2026-03-20 17:41:52,meeting_endurance_v2_1773999711_104,running,9,105,0,3,0,1,1,1,0,0
2026-03-20 17:41:57,meeting_endurance_v2_1773999717_105,running,9,106,0,3,0,1,1,1,0,0
2026-03-20 17:42:02,meeting_endurance_v2_1773999722_106,running,9,107,0,3,0,1,1,1,0,0
2026-03-20 17:42:08,meeting_endurance_v2_1773999727_107,running,9,108,0,3,0,1,1,1,0,0
2026-03-20 17:42:13,meeting_endurance_v2_1773999733_108,running,9,109,0,3,0,1,1,1,0,0
2026-03-20 17:42:18,meeting_endurance_v2_1773999738_109,running,9,110,0,3,0,1,1,1,0,0
2026-03-20 17:42:24,meeting_endurance_v2_1773999743_110,running,9,111,0,3,0,1,1,1,0,0
2026-03-20 17:42:29,meeting_endurance_v2_1773999749_111,running,9,112,0,3,0,1,1,1,0,0
2026-03-20 17:42:34,meeting_endurance_v2_1773999754_112,running,9,113,0,3,0,1,1,1,0,0
2026-03-20 17:42:40,meeting_endurance_v2_1773999759_113,running,10,114,0,3,0,1,1,1,0,0
2026-03-20 17:42:45,meeting_endurance_v2_1773999765_114,running,10,115,0,3,0,1,1,1,0,0
2026-03-20 17:42:50,meeting_endurance_v2_1773999770_115,running,10,116,0,3,0,1,1,1,0,0
2026-03-20 17:42:56,meeting_endurance_v2_1773999775_116,running,10,117,0,3,0,1,1,1,0,0
2026-03-20 17:43:01,meeting_endurance_v2_1773999781_117,running,10,118,0,3,0,1,1,1,0,0
2026-03-20 17:43:06,meeting_endurance_v2_1773999786_118,running,10,119,0,3,0,1,1,1,0,0
2026-03-20 17:43:12,meeting_endurance_v2_1773999791_119,running,10,120,0,3,0,1,1,1,0,0
2026-03-20 17:43:17,meeting_endurance_v2_1773999797_120,running,10,121,0,3,0,1,1,1,0,0
2026-03-20 17:43:22,meeting_endurance_v2_1773999802_121,running,10,122,0,3,0,1,1,1,0,0
2026-03-20 17:43:28,meeting_endurance_v2_1773999807_122,running,10,123,0,3,0,1,1,1,0,0
2026-03-20 17:43:33,meeting_endurance_v2_1773999813_123,running,10,124,0,3,0,1,1,1,0,0
2026-03-20 17:43:38,meeting_endurance_v2_1773999818_124,running,11,125,0,3,0,1,1,1,0,0
2026-03-20 17:43:44,meeting_endurance_v2_1773999823_125,running,11,126,0,3,0,1,1,1,0,0
2026-03-20 17:43:49,meeting_endurance_v2_1773999829_126,running,11,127,0,3,0,1,1,1,0,0
2026-03-20 17:43:54,meeting_endurance_v2_1773999834_127,running,11,128,0,3,0,1,1,1,0,0
2026-03-20 17:44:00,meeting_endurance_v2_1773999839_128,running,11,129,0,3,0,1,1,1,0,0
2026-03-20 17:44:05,meeting_endurance_v2_1773999845_129,running,11,130,0,3,0,1,1,1,0,0
2026-03-20 17:44:10,meeting_endurance_v2_1773999850_130,running,11,131,0,3,0,1,1,1,0,0
2026-03-20 17:44:16,meeting_endurance_v2_1773999855_131,running,11,132,0,3,0,1,1,1,0,0
2026-03-20 17:44:21,meeting_endurance_v2_1773999861_132,running,11,133,0,3,0,1,1,1,0,0
2026-03-20 17:44:26,meeting_endurance_v2_1773999866_133,running,11,134,0,3,0,1,1,1,0,0
2026-03-20 17:44:32,meeting_endurance_v2_1773999871_134,running,11,135,0,3,0,1,1,1,0,0
2026-03-20 17:44:37,meeting_endurance_v2_1773999877_135,running,11,136,0,3,0,1,1,1,0,0
2026-03-20 17:44:42,meeting_endurance_v2_1773999882_136,running,12,137,0,3,0,1,1,1,0,0
2026-03-20 17:44:48,meeting_endurance_v2_1773999887_137,running,12,138,0,3,0,1,1,1,0,0
2026-03-20 17:44:53,meeting_endurance_v2_1773999893_138,running,12,139,0,3,0,1,1,1,0,0
2026-03-20 17:44:58,meeting_endurance_v2_1773999898_139,running,12,140,0,3,0,1,1,1,0,0
2026-03-20 17:45:04,meeting_endurance_v2_1773999903_140,running,12,141,0,3,0,1,1,1,0,0
2026-03-20 17:45:09,meeting_endurance_v2_1773999909_141,running,12,142,0,3,0,1,1,1,0,0
2026-03-20 17:45:14,meeting_endurance_v2_1773999914_142,running,12,143,0,3,0,1,1,1,0,0
2026-03-20 17:45:20,meeting_endurance_v2_1773999919_143,running,12,144,0,3,0,1,1,1,0,0
2026-03-20 17:45:25,meeting_endurance_v2_1773999925_144,running,12,145,0,3,0,1,1,1,0,0
2026-03-20 17:45:30,meeting_endurance_v2_1773999930_145,running,12,146,0,3,0,1,1,1,0,0
2026-03-20 17:45:36,meeting_endurance_v2_1773999935_146,running,12,147,0,3,0,1,1,1,0,0
2026-03-20 17:45:41,meeting_endurance_v2_1773999941_147,running,13,148,0,3,0,1,1,1,0,0
2026-03-20 17:45:46,meeting_endurance_v2_1773999946_148,running,13,149,0,3,0,1,1,1,0,0
2026-03-20 17:45:52,meeting_endurance_v2_1773999951_149,running,13,150,0,3,0,1,1,1,0,0
2026-03-20 17:45:57,meeting_endurance_v2_1773999957_150,running,13,151,0,3,0,1,1,1,0,0
2026-03-20 17:46:02,meeting_endurance_v2_1773999962_151,running,13,152,0,3,0,1,1,1,0,0
2026-03-20 17:46:08,meeting_endurance_v2_1773999967_152,running,13,153,0,3,0,1,1,1,0,0
2026-03-20 17:46:13,meeting_endurance_v2_1773999973_153,running,13,154,0,3,0,1,1,1,0,0
2026-03-20 17:46:18,meeting_endurance_v2_1773999978_154,running,13,155,0,3,0,1,1,1,0,0
2026-03-20 17:46:24,meeting_endurance_v2_1773999983_155,running,13,156,0,3,0,1,1,1,0,0
2026-03-20 17:46:29,meeting_endurance_v2_1773999989_156,running,13,157,0,3,0,1,1,1,0,0
2026-03-20 17:46:34,meeting_endurance_v2_1773999994_157,running,13,158,0,3,0,1,1,1,0,0
2026-03-20 17:46:39,meeting_endurance_v2_1773999999_158,running,14,159,0,3,0,1,1,1,0,0
2026-03-20 17:46:45,meeting_endurance_v2_1774000004_159,running,14,160,0,3,0,1,1,1,0,0
2026-03-20 17:46:50,meeting_endurance_v2_1774000010_160,running,14,161,0,3,0,1,1,1,0,0
2026-03-20 17:46:55,meeting_endurance_v2_1774000015_161,running,14,162,0,3,0,1,1,1,0,0
2026-03-20 17:47:01,meeting_endurance_v2_1774000020_162,running,14,163,0,3,0,1,1,1,0,0
2026-03-20 17:47:06,meeting_endurance_v2_1774000026_163,running,14,164,0,3,0,1,1,1,0,0
2026-03-20 17:47:11,meeting_endurance_v2_1774000031_164,running,14,165,0,3,0,1,1,1,0,0
2026-03-20 17:47:17,meeting_endurance_v2_1774000036_165,running,14,166,0,3,0,1,1,1,0,0
2026-03-20 17:47:22,meeting_endurance_v2_1774000042_166,running,14,167,0,3,0,1,1,1,0,0
2026-03-20 17:47:27,meeting_endurance_v2_1774000047_167,running,14,168,0,3,0,1,1,1,0,0
2026-03-20 17:47:33,meeting_endurance_v2_1774000052_168,running,14,169,0,3,0,1,1,1,0,0
2026-03-20 17:47:38,meeting_endurance_v2_1774000058_169,running,15,170,0,3,0,1,1,1,0,0
2026-03-20 17:47:43,meeting_endurance_v2_1774000063_170,running,15,171,0,3,0,1,1,1,0,0
2026-03-20 17:47:49,meeting_endurance_v2_1774000068_171,running,15,172,0,3,0,1,1,1,0,0
2026-03-20 17:47:54,meeting_endurance_v2_1774000074_172,running,15,173,0,3,0,1,1,1,0,0
2026-03-20 17:47:59,meeting_endurance_v2_1774000079_173,running,15,174,0,3,0,1,1,1,0,0
2026-03-20 17:48:05,meeting_endurance_v2_1774000084_174,running,15,175,0,3,0,1,1,1,0,0
2026-03-20 17:48:10,meeting_endurance_v2_1774000090_175,running,15,176,0,3,0,1,1,1,0,0
2026-03-20 17:48:15,meeting_endurance_v2_1774000095_176,running,15,177,0,3,0,1,1,1,0,0
2026-03-20 17:48:21,meeting_endurance_v2_1774000100_177,running,15,178,0,3,0,1,1,1,0,0
2026-03-20 17:48:26,meeting_endurance_v2_1774000106_178,running,15,179,0,3,0,1,1,1,0,0
2026-03-20 17:48:31,meeting_endurance_v2_1774000111_179,running,15,180,0,3,0,1,1,1,0,0
2026-03-20 17:48:36,meeting_endurance_v2_1774000116_180,running,15,181,0,3,0,1,1,1,0,0
2026-03-20 17:48:42,meeting_endurance_v2_1774000121_181,running,16,182,0,3,0,1,1,1,0,0
2026-03-20 17:48:47,meeting_endurance_v2_1774000127_182,running,16,183,0,3,0,1,1,1,0,0
2026-03-20 17:48:52,meeting_endurance_v2_1774000132_183,running,16,184,0,3,0,1,1,1,0,0
2026-03-20 17:48:58,meeting_endurance_v2_1774000137_184,running,16,185,0,3,0,1,1,1,0,0
2026-03-20 17:49:03,meeting_endurance_v2_1774000143_185,running,16,186,0,3,0,1,1,1,0,0
2026-03-20 17:49:08,meeting_endurance_v2_1774000148_186,running,16,187,0,3,0,1,1,1,0,0
2026-03-20 17:49:14,meeting_endurance_v2_1774000153_187,running,16,188,0,3,0,1,1,1,0,0
2026-03-20 17:49:19,meeting_endurance_v2_1774000159_188,running,16,189,0,3,0,1,1,1,0,0
2026-03-20 17:49:24,meeting_endurance_v2_1774000164_189,running,16,190,0,3,0,1,1,1,0,0
2026-03-20 17:49:30,meeting_endurance_v2_1774000169_190,running,16,191,0,3,0,1,1,1,0,0
2026-03-20 17:49:35,meeting_endurance_v2_1774000175_191,running,16,192,0,3,0,1,1,1,0,0
2026-03-20 17:49:40,meeting_endurance_v2_1774000180_192,running,17,193,0,3,0,1,1,1,0,0
2026-03-20 17:49:46,meeting_endurance_v2_1774000185_193,running,17,194,0,3,0,1,1,1,0,0
2026-03-20 17:49:51,meeting_endurance_v2_1774000191_194,running,17,195,0,3,0,1,1,1,0,0
2026-03-20 17:49:56,meeting_endurance_v2_1774000196_195,running,17,196,0,3,0,1,1,1,0,0
2026-03-20 17:50:02,meeting_endurance_v2_1774000201_196,running,17,197,0,3,0,1,1,1,0,0
2026-03-20 17:50:07,meeting_endurance_v2_1774000207_197,running,17,198,0,3,0,1,1,1,0,0
2026-03-20 17:50:12,meeting_endurance_v2_1774000212_198,running,17,199,0,3,0,1,1,1,0,0
2026-03-20 17:50:18,meeting_endurance_v2_1774000217_199,running,17,200,0,3,0,1,1,1,0,0
2026-03-20 17:50:23,meeting_endurance_v2_1774000223_200,running,17,201,0,3,0,1,1,1,0,0
2026-03-20 17:50:28,meeting_endurance_v2_1774000228_201,running,17,202,0,3,0,1,1,1,0,0
2026-03-20 17:50:34,meeting_endurance_v2_1774000233_202,running,17,203,0,3,0,1,1,1,0,0
2026-03-20 17:50:39,meeting_endurance_v2_1774000239_203,running,18,204,0,3,0,1,1,1,0,0
2026-03-20 17:50:44,meeting_endurance_v2_1774000244_204,running,18,205,0,3,0,1,1,1,0,0
2026-03-20 17:50:50,meeting_endurance_v2_1774000249_205,running,18,206,0,3,0,1,1,1,0,0
2026-03-20 17:50:55,meeting_endurance_v2_1774000255_206,running,18,207,0,3,0,1,1,1,0,0
2026-03-20 17:51:00,meeting_endurance_v2_1774000260_207,running,18,208,0,3,0,1,1,1,0,0
2026-03-20 17:51:06,meeting_endurance_v2_1774000265_208,running,18,209,0,3,0,1,1,1,0,0
2026-03-20 17:51:11,meeting_endurance_v2_1774000271_209,running,18,210,0,3,0,1,1,1,0,0
2026-03-20 17:51:16,meeting_endurance_v2_1774000276_210,running,18,211,0,3,0,1,1,1,0,0
2026-03-20 17:51:22,meeting_endurance_v2_1774000281_211,running,18,212,0,3,0,1,1,1,0,0
2026-03-20 17:51:27,meeting_endurance_v2_1774000287_212,running,18,213,0,3,0,1,1,1,0,0
2026-03-20 17:51:32,meeting_endurance_v2_1774000292_213,running,18,214,0,3,0,1,1,1,0,0
2026-03-20 17:51:38,meeting_endurance_v2_1774000297_214,running,18,215,0,3,0,1,1,1,0,0
2026-03-20 17:51:43,meeting_endurance_v2_1774000303_215,running,19,216,0,3,0,1,1,1,0,0
2026-03-20 17:51:48,meeting_endurance_v2_1774000308_216,running,19,217,0,3,0,1,1,1,0,0
2026-03-20 17:51:54,meeting_endurance_v2_1774000313_217,running,19,218,0,3,0,1,1,1,0,0
2026-03-20 17:51:59,meeting_endurance_v2_1774000319_218,running,19,219,0,3,0,1,1,1,0,0
2026-03-20 17:52:04,meeting_endurance_v2_1774000324_219,running,19,220,0,3,0,1,1,1,0,0
2026-03-20 17:52:10,meeting_endurance_v2_1774000329_220,running,19,221,0,3,0,1,1,1,0,0
2026-03-20 17:52:15,meeting_endurance_v2_1774000335_221,running,19,222,0,3,0,1,1,1,0,0
2026-03-20 17:52:20,meeting_endurance_v2_1774000340_222,running,19,223,0,3,0,1,1,1,0,0
2026-03-20 17:52:26,meeting_endurance_v2_1774000345_223,running,19,224,0,3,0,1,1,1,0,0
2026-03-20 17:52:31,meeting_endurance_v2_1774000351_224,running,19,225,0,3,0,1,1,1,0,0
2026-03-20 17:52:36,meeting_endurance_v2_1774000356_225,running,19,226,0,3,0,1,1,1,0,0
2026-03-20 17:52:42,meeting_endurance_v2_1774000361_226,running,20,227,0,3,0,1,1,1,0,0
2026-03-20 17:52:47,meeting_endurance_v2_1774000367_227,running,20,228,0,3,0,1,1,1,0,0
2026-03-20 17:52:52,meeting_endurance_v2_1774000372_228,running,20,229,0,3,0,1,1,1,0,0
2026-03-20 17:52:58,meeting_endurance_v2_1774000377_229,running,20,230,0,3,0,1,1,1,0,0
2026-03-20 17:53:03,meeting_endurance_v2_1774000383_230,running,20,231,0,3,0,1,1,1,0,0
2026-03-20 17:53:08,meeting_endurance_v2_1774000388_231,running,20,232,0,3,0,1,1,1,0,0
2026-03-20 17:53:13,meeting_endurance_v2_1774000393_232,running,20,233,0,3,0,1,1,1,0,0
2026-03-20 17:53:19,meeting_endurance_v2_1774000398_233,running,20,234,0,3,0,1,1,1,0,0
2026-03-20 17:53:24,meeting_endurance_v2_1774000404_234,running,20,235,0,3,0,1,1,1,0,0
2026-03-20 17:53:29,meeting_endurance_v2_1774000409_235,running,20,236,0,3,0,1,1,1,0,0
2026-03-20 17:53:35,meeting_endurance_v2_1774000414_236,running,20,237,0,3,0,1,1,1,0,0
2026-03-20 17:53:40,meeting_endurance_v2_1774000420_237,running,21,238,0,3,0,1,1,1,0,0
2026-03-20 17:53:45,meeting_endurance_v2_1774000425_238,running,21,239,0,3,0,1,1,1,0,0
2026-03-20 17:53:51,meeting_endurance_v2_1774000430_239,running,21,240,0,3,0,1,1,1,0,0
2026-03-20 17:53:56,meeting_endurance_v2_1774000436_240,running,21,241,0,3,0,1,1,1,0,0
2026-03-20 17:54:01,meeting_endurance_v2_1774000441_241,running,21,242,0,3,0,1,1,1,0,0
2026-03-20 17:54:07,meeting_endurance_v2_1774000446_242,running,21,243,0,3,0,1,1,1,0,0
2026-03-20 17:54:12,meeting_endurance_v2_1774000452_243,running,21,244,0,3,0,1,1,1,0,0
2026-03-20 17:54:17,meeting_endurance_v2_1774000457_244,running,21,245,0,3,0,1,1,1,0,0
2026-03-20 17:54:23,meeting_endurance_v2_1774000462_245,running,21,246,0,3,0,1,1,1,0,0
2026-03-20 17:54:28,meeting_endurance_v2_1774000468_246,running,21,247,0,3,0,1,1,1,0,0
2026-03-20 17:54:33,meeting_endurance_v2_1774000473_247,running,21,248,0,3,0,1,1,1,0,0
2026-03-20 17:54:39,meeting_endurance_v2_1774000478_248,running,22,249,0,3,0,1,1,1,0,0
2026-03-20 17:54:44,meeting_endurance_v2_1774000484_249,running,22,250,0,3,0,1,1,1,0,0
2026-03-20 17:54:50,meeting_endurance_v2_1774000489_250,running,22,251,0,3,0,1,1,1,0,0
2026-03-20 17:54:55,meeting_endurance_v2_1774000495_251,running,22,252,0,3,0,1,1,1,0,0
2026-03-20 17:55:00,meeting_endurance_v2_1774000500_252,running,22,253,0,3,0,1,1,1,0,0
2026-03-20 17:55:05,meeting_endurance_v2_1774000505_253,running,22,254,0,3,0,1,1,1,0,0
2026-03-20 17:55:11,meeting_endurance_v2_1774000510_254,running,22,255,0,3,0,1,1,1,0,0
2026-03-20 17:55:16,meeting_endurance_v2_1774000516_255,running,22,256,0,3,0,1,1,1,0,0
2026-03-20 17:55:21,meeting_endurance_v2_1774000521_256,running,22,257,0,3,0,1,1,1,0,0
2026-03-20 17:55:27,meeting_endurance_v2_1774000526_257,running,22,258,0,3,0,1,1,1,0,0
2026-03-20 17:55:32,meeting_endurance_v2_1774000532_258,running,22,259,0,3,0,1,1,1,0,0
2026-03-20 17:55:37,meeting_endurance_v2_1774000537_259,running,22,260,0,3,0,1,1,1,0,0
2026-03-20 17:55:43,meeting_endurance_v2_1774000542_260,running,23,261,0,3,0,1,1,1,0,0
2026-03-20 17:55:48,meeting_endurance_v2_1774000548_261,running,23,262,0,3,0,1,1,1,0,0
2026-03-20 17:55:53,meeting_endurance_v2_1774000553_262,running,23,263,0,3,0,1,1,1,0,0
2026-03-20 17:55:59,meeting_endurance_v2_1774000558_263,running,23,264,0,3,0,1,1,1,0,0
2026-03-20 17:56:04,meeting_endurance_v2_1774000564_264,running,23,265,0,3,0,1,1,1,0,0
2026-03-20 17:56:09,meeting_endurance_v2_1774000569_265,running,23,266,0,3,0,1,1,1,0,0
2026-03-20 17:56:15,meeting_endurance_v2_1774000574_266,running,23,267,0,3,0,1,1,1,0,0
2026-03-20 17:56:20,meeting_endurance_v2_1774000580_267,running,23,268,0,3,0,1,1,1,0,0
2026-03-20 17:56:25,meeting_endurance_v2_1774000585_268,running,23,269,0,3,0,1,1,1,0,0
2026-03-20 17:56:30,meeting_endurance_v2_1774000590_269,running,23,270,0,3,0,1,1,1,0,0
2026-03-20 17:56:36,meeting_endurance_v2_1774000595_270,running,23,271,0,3,0,1,1,1,0,0
2026-03-20 17:56:41,meeting_endurance_v2_1774000601_271,running,24,272,0,3,0,1,1,1,0,0
2026-03-20 17:56:46,meeting_endurance_v2_1774000606_272,running,24,273,0,3,0,1,1,1,0,0
2026-03-20 17:56:52,meeting_endurance_v2_1774000611_273,running,24,274,0,3,0,1,1,1,0,0
2026-03-20 17:56:57,meeting_endurance_v2_1774000617_274,running,24,275,0,3,0,1,1,1,0,0
2026-03-20 17:57:02,meeting_endurance_v2_1774000622_275,running,24,276,0,3,0,1,1,1,0,0
2026-03-20 17:57:08,meeting_endurance_v2_1774000627_276,running,24,277,0,3,0,1,1,1,0,0
2026-03-20 17:57:13,meeting_endurance_v2_1774000633_277,running,24,278,0,3,0,1,1,1,0,0
2026-03-20 17:57:18,meeting_endurance_v2_1774000638_278,running,24,279,0,3,0,1,1,1,0,0
2026-03-20 17:57:24,meeting_endurance_v2_1774000643_279,running,24,280,0,3,0,1,1,1,0,0
2026-03-20 17:57:29,meeting_endurance_v2_1774000649_280,running,24,281,0,3,0,1,1,1,0,0
2026-03-20 17:57:34,meeting_endurance_v2_1774000654_281,running,24,282,0,3,0,1,1,1,0,0
2026-03-20 17:57:40,meeting_endurance_v2_1774000659_282,running,25,283,0,3,0,1,1,1,0,0
2026-03-20 17:57:45,meeting_endurance_v2_1774000665_283,running,25,284,0,3,0,1,1,1,0,0
2026-03-20 17:57:50,meeting_endurance_v2_1774000670_284,running,25,285,0,3,0,1,1,1,0,0
2026-03-20 17:57:56,meeting_endurance_v2_1774000675_285,running,25,286,0,3,0,1,1,1,0,0
2026-03-20 17:58:01,meeting_endurance_v2_1774000681_286,running,25,287,0,3,0,1,1,1,0,0
2026-03-20 17:58:06,meeting_endurance_v2_1774000686_287,running,25,288,0,3,0,1,1,1,0,0
2026-03-20 17:58:12,meeting_endurance_v2_1774000691_288,running,25,289,0,3,0,1,1,1,0,0
2026-03-20 17:58:17,meeting_endurance_v2_1774000697_289,running,25,290,0,3,0,1,1,1,0,0
2026-03-20 17:58:22,meeting_endurance_v2_1774000702_290,running,25,291,0,3,0,1,1,1,0,0
2026-03-20 17:58:28,meeting_endurance_v2_1774000707_291,running,25,292,0,3,0,1,1,1,0,0
2026-03-20 17:58:33,meeting_endurance_v2_1774000713_292,running,25,293,0,3,0,1,1,1,0,0
2026-03-20 17:58:38,meeting_endurance_v2_1774000718_293,running,26,294,0,3,0,1,1,1,0,0
2026-03-20 17:58:43,meeting_endurance_v2_1774000723_294,running,26,295,0,3,0,1,1,1,0,0
2026-03-20 17:58:49,meeting_endurance_v2_1774000728_295,running,26,296,0,3,0,1,1,1,0,0
2026-03-20 17:58:54,meeting_endurance_v2_1774000734_296,running,26,297,0,3,0,1,1,1,0,0
2026-03-20 17:58:59,meeting_endurance_v2_1774000739_297,running,26,298,0,3,0,1,1,1,0,0
2026-03-20 17:59:05,meeting_endurance_v2_1774000744_298,running,26,299,0,3,0,1,1,1,0,0
2026-03-20 17:59:10,meeting_endurance_v2_1774000750_299,running,26,300,0,3,0,1,1,1,0,0
2026-03-20 17:59:15,meeting_endurance_v2_1774000755_300,running,26,301,0,3,0,1,1,1,0,0
2026-03-20 17:59:21,meeting_endurance_v2_1774000760_301,running,26,302,0,3,0,1,1,1,0,0
2026-03-20 17:59:26,meeting_endurance_v2_1774000766_302,running,26,303,0,3,0,1,1,1,0,0
2026-03-20 17:59:31,meeting_endurance_v2_1774000771_303,running,26,304,0,3,0,1,1,1,0,0
2026-03-20 17:59:37,meeting_endurance_v2_1774000776_304,running,26,305,0,3,0,1,1,1,0,0
2026-03-20 17:59:42,meeting_endurance_v2_1774000782_305,running,27,306,0,3,0,1,1,1,0,0
2026-03-20 17:59:48,meeting_endurance_v2_1774000787_306,running,27,307,0,3,0,1,1,1,0,0
2026-03-20 17:59:53,meeting_endurance_v2_1774000793_307,running,27,308,0,3,0,1,1,1,0,0
2026-03-20 17:59:58,meeting_endurance_v2_1774000798_308,running,27,309,0,3,0,1,1,1,0,0
2026-03-20 18:00:04,meeting_endurance_v2_1774000803_309,running,27,310,0,3,0,1,1,1,0,0
2026-03-20 18:00:09,meeting_endurance_v2_1774000809_310,running,27,311,0,3,0,1,1,1,0,0
2026-03-20 18:00:14,meeting_endurance_v2_1774000814_311,running,27,312,0,3,0,1,1,1,0,0
2026-03-20 18:00:20,meeting_endurance_v2_1774000819_312,running,27,313,0,3,0,1,1,1,0,0
2026-03-20 18:00:25,meeting_endurance_v2_1774000825_313,running,27,314,0,3,0,1,1,1,0,0
2026-03-20 18:00:30,meeting_endurance_v2_1774000830_314,running,27,315,0,3,0,1,1,1,0,0
2026-03-20 18:00:36,meeting_endurance_v2_1774000835_315,running,27,316,0,3,0,1,1,1,0,0
2026-03-20 18:00:41,meeting_endurance_v2_1774000841_316,running,28,317,0,3,0,1,1,1,0,0
2026-03-20 18:00:46,meeting_endurance_v2_1774000846_317,running,28,318,0,3,0,1,1,1,0,0
2026-03-20 18:00:52,meeting_endurance_v2_1774000851_318,running,28,319,0,3,0,1,1,1,0,0
2026-03-20 18:00:57,meeting_endurance_v2_1774000857_319,running,28,320,0,3,0,1,1,1,0,0
2026-03-20 18:01:02,meeting_endurance_v2_1774000862_320,running,28,321,0,3,0,1,1,1,0,0
2026-03-20 18:01:08,meeting_endurance_v2_1774000867_321,running,28,322,0,3,0,1,1,1,0,0
2026-03-20 18:01:13,meeting_endurance_v2_1774000873_322,running,28,323,0,3,0,1,1,1,0,0
2026-03-20 18:01:18,meeting_endurance_v2_1774000878_323,running,28,324,0,3,0,1,1,1,0,0
2026-03-20 18:01:23,meeting_endurance_v2_1774000883_324,running,28,325,0,3,0,1,1,1,0,0
2026-03-20 18:01:29,meeting_endurance_v2_1774000888_325,running,28,326,0,3,0,1,1,1,0,0
2026-03-20 18:01:34,meeting_endurance_v2_1774000894_326,running,28,327,0,3,0,1,1,1,0,0
2026-03-20 18:01:39,meeting_endurance_v2_1774000899_327,running,29,328,0,3,0,1,1,1,0,0
2026-03-20 18:01:45,meeting_endurance_v2_1774000904_328,running,29,329,0,3,0,1,1,1,0,0
2026-03-20 18:01:50,meeting_endurance_v2_1774000910_329,running,29,330,0,3,0,1,1,1,0,0
2026-03-20 18:01:55,meeting_endurance_v2_1774000915_330,running,29,331,0,3,0,1,1,1,0,0
2026-03-20 18:02:01,meeting_endurance_v2_1774000920_331,running,29,332,0,3,0,1,1,1,0,0
2026-03-20 18:02:06,meeting_endurance_v2_1774000926_332,running,29,333,0,3,0,1,1,1,0,0
2026-03-20 18:02:11,meeting_endurance_v2_1774000931_333,running,29,334,0,3,0,1,1,1,0,0
2026-03-20 18:02:17,meeting_endurance_v2_1774000936_334,running,29,335,0,3,0,1,1,1,0,0
2026-03-20 18:02:22,meeting_endurance_v2_1774000942_335,running,29,336,0,3,0,1,1,1,0,0
2026-03-20 18:02:27,meeting_endurance_v2_1774000947_336,running,29,337,0,3,0,1,1,1,0,0
2026-03-20 18:02:33,meeting_endurance_v2_1774000952_337,running,29,338,0,3,0,1,1,1,0,0
2026-03-20 18:02:38,meeting_endurance_v2_1774000958_338,running,30,339,0,3,0,1,1,1,0,0
2026-03-20 18:02:43,meeting_endurance_v2_1774000963_339,running,30,340,0,3,0,1,1,1,0,0
2026-03-20 18:02:49,meeting_endurance_v2_1774000968_340,running,30,341,0,3,0,1,1,1,0,0
2026-03-20 18:02:54,meeting_endurance_v2_1774000974_341,running,30,342,0,3,0,1,1,1,0,0
2026-03-20 18:02:59,meeting_endurance_v2_1774000979_342,running,30,343,0,3,0,1,1,1,0,0
2026-03-20 18:03:05,meeting_endurance_v2_1774000984_343,running,30,344,0,3,0,1,1,1,0,0
2026-03-20 18:03:10,meeting_endurance_v2_1774000990_344,running,30,345,0,3,0,1,1,1,0,0
2026-03-20 18:03:15,meeting_endurance_v2_1774000995_345,running,30,346,0,3,0,1,1,1,0,0
2026-03-20 18:03:21,meeting_endurance_v2_1774001000_346,running,30,347,0,3,0,1,1,1,0,0
2026-03-20 18:03:26,meeting_endurance_v2_1774001006_347,running,30,348,0,3,0,1,1,1,0,0
2026-03-20 18:03:31,meeting_endurance_v2_1774001011_348,running,30,349,0,3,0,1,1,1,0,0
2026-03-20 18:03:37,meeting_endurance_v2_1774001016_349,running,30,350,0,3,0,1,1,1,0,0
2026-03-20 18:03:42,meeting_endurance_v2_1774001022_350,running,31,351,0,3,0,1,1,1,0,0
2026-03-20 18:03:47,meeting_endurance_v2_1774001027_351,running,31,352,0,3,0,1,1,1,0,0
2026-03-20 18:03:53,meeting_endurance_v2_1774001032_352,running,31,353,0,3,0,1,1,1,0,0
2026-03-20 18:03:58,meeting_endurance_v2_1774001038_353,running,31,354,0,3,0,1,1,1,0,0
2026-03-20 18:04:03,meeting_endurance_v2_1774001043_354,running,31,355,0,3,0,1,1,1,0,0
2026-03-20 18:04:09,meeting_endurance_v2_1774001048_355,running,31,356,0,3,0,1,1,1,0,0
2026-03-20 18:04:14,meeting_endurance_v2_1774001054_356,running,31,357,0,3,0,1,1,1,0,0
2026-03-20 18:04:19,meeting_endurance_v2_1774001059_357,running,31,358,0,3,0,1,1,1,0,0
2026-03-20 18:04:25,meeting_endurance_v2_1774001064_358,running,31,359,0,3,0,1,1,1,0,0
2026-03-20 18:04:30,meeting_endurance_v2_1774001070_359,running,31,360,0,3,0,1,1,1,0,0
2026-03-20 18:04:35,meeting_endurance_v2_1774001075_360,running,31,361,0,3,0,1,1,1,0,0
2026-03-20 18:04:41,meeting_endurance_v2_1774001080_361,running,32,362,0,3,0,1,1,1,0,0
2026-03-20 18:04:46,meeting_endurance_v2_1774001086_362,running,32,363,0,3,0,1,1,1,0,0
2026-03-20 18:04:51,meeting_endurance_v2_1774001091_363,running,32,364,0,3,0,1,1,1,0,0
2026-03-20 18:04:57,meeting_endurance_v2_1774001096_364,running,32,365,0,3,0,1,1,1,0,0
2026-03-20 18:05:02,meeting_endurance_v2_1774001102_365,running,32,366,0,3,0,1,1,1,0,0
2026-03-20 18:05:07,meeting_endurance_v2_1774001107_366,running,32,367,0,3,0,1,1,1,0,0
2026-03-20 18:05:13,meeting_endurance_v2_1774001112_367,running,32,368,0,3,0,1,1,1,0,0
2026-03-20 18:05:18,meeting_endurance_v2_1774001118_368,running,32,369,0,3,0,1,1,1,0,0
2026-03-20 18:05:23,meeting_endurance_v2_1774001123_369,running,32,370,0,3,0,1,1,1,0,0
2026-03-20 18:05:29,meeting_endurance_v2_1774001128_370,running,32,371,0,3,0,1,1,1,0,0
2026-03-20 18:05:34,meeting_endurance_v2_1774001134_371,running,32,372,0,3,0,1,1,1,0,0
2026-03-20 18:05:39,meeting_endurance_v2_1774001139_372,running,33,373,0,3,0,1,1,1,0,0
2026-03-20 18:05:45,meeting_endurance_v2_1774001144_373,running,33,374,0,3,0,1,1,1,0,0
2026-03-20 18:05:50,meeting_endurance_v2_1774001150_374,running,33,375,0,3,0,1,1,1,0,0
2026-03-20 18:05:55,meeting_endurance_v2_1774001155_375,running,33,376,0,3,0,1,1,1,0,0
2026-03-20 18:06:01,meeting_endurance_v2_1774001160_376,running,33,377,0,3,0,1,1,1,0,0
2026-03-20 18:06:06,meeting_endurance_v2_1774001166_377,running,33,378,0,3,0,1,1,1,0,0
2026-03-20 18:06:11,meeting_endurance_v2_1774001171_378,running,33,379,0,3,0,1,1,1,0,0
2026-03-20 18:06:16,meeting_endurance_v2_1774001176_379,running,33,380,0,3,0,1,1,1,0,0
2026-03-20 18:06:22,meeting_endurance_v2_1774001181_380,running,33,381,0,3,0,1,1,1,0,0
2026-03-20 18:06:27,meeting_endurance_v2_1774001187_381,running,33,382,0,3,0,1,1,1,0,0
2026-03-20 18:06:32,meeting_endurance_v2_1774001192_382,running,33,383,0,3,0,1,1,1,0,0
2026-03-20 18:06:38,meeting_endurance_v2_1774001197_383,running,33,384,0,3,0,1,1,1,0,0
2026-03-20 18:06:43,meeting_endurance_v2_1774001203_384,running,34,385,0,3,0,1,1,1,0,0
2026-03-20 18:06:48,meeting_endurance_v2_1774001208_385,running,34,386,0,3,0,1,1,1,0,0
2026-03-20 18:06:54,meeting_endurance_v2_1774001213_386,running,34,387,0,3,0,1,1,1,0,0
2026-03-20 18:06:59,meeting_endurance_v2_1774001219_387,running,34,388,0,3,0,1,1,1,0,0
2026-03-20 18:07:04,meeting_endurance_v2_1774001224_388,running,34,389,0,3,0,1,1,1,0,0
2026-03-20 18:07:10,meeting_endurance_v2_1774001229_389,running,34,390,0,3,0,1,1,1,0,0
2026-03-20 18:07:15,meeting_endurance_v2_1774001235_390,running,34,391,0,3,0,1,1,1,0,0
2026-03-20 18:07:20,meeting_endurance_v2_1774001240_391,running,34,392,0,3,0,1,1,1,0,0
2026-03-20 18:07:26,meeting_endurance_v2_1774001245_392,running,34,393,0,3,0,1,1,1,0,0
2026-03-20 18:07:31,meeting_endurance_v2_1774001251_393,running,34,394,0,3,0,1,1,1,0,0
2026-03-20 18:07:36,meeting_endurance_v2_1774001256_394,running,34,395,0,3,0,1,1,1,0,0
2026-03-20 18:07:42,meeting_endurance_v2_1774001261_395,running,35,396,0,3,0,1,1,1,0,0
2026-03-20 18:07:47,meeting_endurance_v2_1774001267_396,running,35,397,0,3,0,1,1,1,0,0
2026-03-20 18:07:52,meeting_endurance_v2_1774001272_397,running,35,398,0,3,0,1,1,1,0,0
2026-03-20 18:07:58,meeting_endurance_v2_1774001277_398,running,35,399,0,3,0,1,1,1,0,0
2026-03-20 18:08:03,meeting_endurance_v2_1774001283_399,running,35,400,0,3,0,1,1,1,0,0
2026-03-20 18:08:08,meeting_endurance_v2_1774001288_400,running,35,401,0,3,0,1,1,1,0,0
2026-03-20 18:08:14,meeting_endurance_v2_1774001293_401,running,35,402,0,3,0,1,1,1,0,0
2026-03-20 18:08:19,meeting_endurance_v2_1774001299_402,running,35,403,0,3,0,1,1,1,0,0
2026-03-20 18:08:24,meeting_endurance_v2_1774001304_403,running,35,404,0,3,0,1,1,1,0,0
2026-03-20 18:08:30,meeting_endurance_v2_1774001309_404,running,35,405,0,3,0,1,1,1,0,0
2026-03-20 18:08:35,meeting_endurance_v2_1774001315_405,running,35,406,0,3,0,1,1,1,0,0
2026-03-20 18:08:40,meeting_endurance_v2_1774001320_406,running,36,407,0,3,0,1,1,1,0,0
2026-03-20 18:08:46,meeting_endurance_v2_1774001325_407,running,36,408,0,3,0,1,1,1,0,0
2026-03-20 18:08:51,meeting_endurance_v2_1774001331_408,running,36,409,0,3,0,1,1,1,0,0
2026-03-20 18:08:56,meeting_endurance_v2_1774001336_409,running,36,410,0,3,0,1,1,1,0,0
2026-03-20 18:09:02,meeting_endurance_v2_1774001341_410,running,36,411,0,3,0,1,1,1,0,0
2026-03-20 18:09:07,meeting_endurance_v2_1774001347_411,running,36,412,0,3,0,1,1,1,0,0
2026-03-20 18:09:12,meeting_endurance_v2_1774001352_412,running,36,413,0,3,0,1,1,1,0,0
2026-03-20 18:09:18,meeting_endurance_v2_1774001357_413,running,36,414,0,3,0,1,1,1,0,0
2026-03-20 18:09:23,meeting_endurance_v2_1774001363_414,running,36,415,0,3,0,1,1,1,0,0
2026-03-20 18:09:28,meeting_endurance_v2_1774001368_415,running,36,416,0,3,0,1,1,1,0,0
2026-03-20 18:09:34,meeting_endurance_v2_1774001373_416,running,36,417,0,3,0,1,1,1,0,0
2026-03-20 18:09:39,meeting_endurance_v2_1774001379_417,running,37,418,0,3,0,1,1,1,0,0
2026-03-20 18:09:44,meeting_endurance_v2_1774001384_418,running,37,419,0,3,0,1,1,1,0,0
2026-03-20 18:09:50,meeting_endurance_v2_1774001389_419,running,37,420,0,3,0,1,1,1,0,0
2026-03-20 18:09:55,meeting_endurance_v2_1774001395_420,running,37,421,0,3,0,1,1,1,0,0
2026-03-20 18:10:00,meeting_endurance_v2_1774001400_421,running,37,422,0,3,0,1,1,1,0,0
2026-03-20 18:10:06,meeting_endurance_v2_1774001405_422,running,37,423,0,3,0,1,1,1,0,0
2026-03-20 18:10:11,meeting_endurance_v2_1774001411_423,running,37,424,0,3,0,1,1,1,0,0
2026-03-20 18:10:16,meeting_endurance_v2_1774001416_424,running,37,425,0,3,0,1,1,1,0,0
2026-03-20 18:10:21,meeting_endurance_v2_1774001421_425,running,37,426,0,3,0,1,1,1,0,0
2026-03-20 18:10:27,meeting_endurance_v2_1774001426_426,running,37,427,0,3,0,1,1,1,0,0
2026-03-20 18:10:32,meeting_endurance_v2_1774001432_427,running,37,428,0,3,0,1,1,1,0,0
2026-03-20 18:10:37,meeting_endurance_v2_1774001437_428,running,37,429,0,3,0,1,1,1,0,0
2026-03-20 18:10:43,meeting_endurance_v2_1774001442_429,running,38,430,0,3,0,1,1,1,0,0
2026-03-20 18:10:48,meeting_endurance_v2_1774001448_430,running,38,431,0,3,0,1,1,1,0,0
2026-03-20 18:10:53,meeting_endurance_v2_1774001453_431,running,38,432,0,3,0,1,1,1,0,0
2026-03-20 18:10:59,meeting_endurance_v2_1774001458_432,running,38,433,0,3,0,1,1,1,0,0
2026-03-20 18:11:04,meeting_endurance_v2_1774001464_433,running,38,434,0,3,0,1,1,1,0,0
2026-03-20 18:11:09,meeting_endurance_v2_1774001469_434,running,38,435,0,3,0,1,1,1,0,0
2026-03-20 18:11:15,meeting_endurance_v2_1774001474_435,running,38,436,0,3,0,1,1,1,0,0
2026-03-20 18:11:20,meeting_endurance_v2_1774001480_436,running,38,437,0,3,0,1,1,1,0,0
2026-03-20 18:11:25,meeting_endurance_v2_1774001485_437,running,38,438,0,3,0,1,1,1,0,0
2026-03-20 18:11:31,meeting_endurance_v2_1774001490_438,running,38,439,0,3,0,1,1,1,0,0
2026-03-20 18:11:36,meeting_endurance_v2_1774001496_439,running,38,440,0,3,0,1,1,1,0,0
2026-03-20 18:11:41,meeting_endurance_v2_1774001501_440,running,39,441,0,3,0,1,1,1,0,0
2026-03-20 18:11:47,meeting_endurance_v2_1774001506_441,running,39,442,0,3,0,1,1,1,0,0
2026-03-20 18:11:52,meeting_endurance_v2_1774001512_442,running,39,443,0,3,0,1,1,1,0,0
2026-03-20 18:11:57,meeting_endurance_v2_1774001517_443,running,39,444,0,3,0,1,1,1,0,0
2026-03-20 18:12:03,meeting_endurance_v2_1774001522_444,running,39,445,0,3,0,1,1,1,0,0
2026-03-20 18:12:08,meeting_endurance_v2_1774001528_445,running,39,446,0,3,0,1,1,1,0,0
2026-03-20 18:12:13,meeting_endurance_v2_1774001533_446,running,39,447,0,3,0,1,1,1,0,0
2026-03-20 18:12:19,meeting_endurance_v2_1774001538_447,running,39,448,0,3,0,1,1,1,0,0
2026-03-20 18:12:24,meeting_endurance_v2_1774001544_448,running,39,449,0,3,0,1,1,1,0,0
2026-03-20 18:12:29,meeting_endurance_v2_1774001549_449,running,39,450,0,3,0,1,1,1,0,0
2026-03-20 18:12:34,meeting_endurance_v2_1774001554_450,running,39,451,0,3,0,1,1,1,0,0
2026-03-20 18:12:40,meeting_endurance_v2_1774001559_451,running,40,452,0,3,0,1,1,1,0,0
2026-03-20 18:12:45,meeting_endurance_v2_1774001565_452,running,40,453,0,3,0,1,1,1,0,0
2026-03-20 18:12:50,meeting_endurance_v2_1774001570_453,running,40,454,0,3,0,1,1,1,0,0
2026-03-20 18:12:56,meeting_endurance_v2_1774001575_454,running,40,455,0,3,0,1,1,1,0,0
2026-03-20 18:13:01,meeting_endurance_v2_1774001581_455,running,40,456,0,3,0,1,1,1,0,0
2026-03-20 18:13:06,meeting_endurance_v2_1774001586_456,running,40,457,0,3,0,1,1,1,0,0
2026-03-20 18:13:12,meeting_endurance_v2_1774001591_457,running,40,458,0,3,0,1,1,1,0,0
2026-03-20 18:13:17,meeting_endurance_v2_1774001597_458,running,40,459,0,3,0,1,1,1,0,0
2026-03-20 18:13:22,meeting_endurance_v2_1774001602_459,running,40,460,0,3,0,1,1,1,0,0
2026-03-20 18:13:27,meeting_endurance_v2_1774001607_460,running,40,461,0,3,0,1,1,1,0,0
2026-03-20 18:13:33,meeting_endurance_v2_1774001613_461,running,40,462,0,3,0,1,1,1,0,0
2026-03-20 18:13:38,meeting_endurance_v2_1774001618_462,running,41,463,0,3,0,1,1,1,0,0
2026-03-20 18:13:43,meeting_endurance_v2_1774001623_463,running,41,464,0,3,0,1,1,1,0,0
2026-03-20 18:13:49,meeting_endurance_v2_1774001628_464,running,41,465,0,3,0,1,1,1,0,0
2026-03-20 18:13:54,meeting_endurance_v2_1774001634_465,running,41,466,0,3,0,1,1,1,0,0
2026-03-20 18:13:59,meeting_endurance_v2_1774001639_466,running,41,467,0,3,0,1,1,1,0,0
2026-03-20 18:14:05,meeting_endurance_v2_1774001644_467,running,41,468,0,3,0,1,1,1,0,0
2026-03-20 18:14:10,meeting_endurance_v2_1774001650_468,running,41,469,0,3,0,1,1,1,0,0
2026-03-20 18:14:16,meeting_endurance_v2_1774001655_469,running,41,470,0,3,0,1,1,1,0,0
2026-03-20 18:14:21,meeting_endurance_v2_1774001661_470,running,41,471,0,3,0,1,1,1,0,0
2026-03-20 18:14:26,meeting_endurance_v2_1774001666_471,running,41,472,0,3,0,1,1,1,0,0
2026-03-20 18:14:31,meeting_endurance_v2_1774001671_472,running,41,473,0,3,0,1,1,1,0,0
2026-03-20 18:14:37,meeting_endurance_v2_1774001676_473,running,41,474,0,3,0,1,1,1,0,0
2026-03-20 18:14:42,meeting_endurance_v2_1774001682_474,running,42,475,0,3,0,1,1,1,0,0
2026-03-20 18:14:47,meeting_endurance_v2_1774001687_475,running,42,476,0,3,0,1,1,1,0,0
2026-03-20 18:14:53,meeting_endurance_v2_1774001692_476,running,42,477,0,3,0,1,1,1,0,0
2026-03-20 18:14:58,meeting_endurance_v2_1774001698_477,running,42,478,0,3,0,1,1,1,0,0
2026-03-20 18:15:03,meeting_endurance_v2_1774001703_478,running,42,479,0,3,0,1,1,1,0,0
2026-03-20 18:15:09,meeting_endurance_v2_1774001708_479,running,42,480,0,3,0,1,1,1,0,0
2026-03-20 18:15:14,meeting_endurance_v2_1774001714_480,running,42,481,0,3,0,1,1,1,0,0
2026-03-20 18:15:20,meeting_endurance_v2_1774001719_481,running,42,482,0,3,0,1,1,1,0,0
2026-03-20 18:15:25,meeting_endurance_v2_1774001725_482,running,42,483,0,3,0,1,1,1,0,0
2026-03-20 18:15:30,meeting_endurance_v2_1774001730_483,running,42,484,0,3,0,1,1,1,0,0
2026-03-20 18:15:35,meeting_endurance_v2_1774001735_484,running,42,485,0,3,0,1,1,1,0,0
2026-03-20 18:15:41,meeting_endurance_v2_1774001740_485,running,43,486,0,3,0,1,1,1,0,0
2026-03-20 18:15:46,meeting_endurance_v2_1774001746_486,running,43,487,0,3,0,1,1,1,0,0
2026-03-20 18:15:52,meeting_endurance_v2_1774001751_487,running,43,488,0,3,0,1,1,1,0,0
2026-03-20 18:15:57,meeting_endurance_v2_1774001757_488,running,43,489,0,3,0,1,1,1,0,0
2026-03-20 18:16:02,meeting_endurance_v2_1774001762_489,running,43,490,0,3,0,1,1,1,0,0
2026-03-20 18:16:08,meeting_endurance_v2_1774001767_490,running,43,491,0,3,0,1,1,1,0,0
2026-03-20 18:16:13,meeting_endurance_v2_1774001773_491,running,43,492,0,3,0,1,1,1,0,0
2026-03-20 18:16:18,meeting_endurance_v2_1774001778_492,running,43,493,0,3,0,1,1,1,0,0
2026-03-20 18:16:24,meeting_endurance_v2_1774001783_493,running,43,494,0,3,0,1,1,1,0,0
2026-03-20 18:16:29,meeting_endurance_v2_1774001789_494,running,43,495,0,3,0,1,1,1,0,0
2026-03-20 18:16:34,meeting_endurance_v2_1774001794_495,running,43,496,0,3,0,1,1,1,0,0
2026-03-20 18:16:40,meeting_endurance_v2_1774001799_496,running,44,497,0,3,0,1,1,1,0,0
2026-03-20 18:16:45,meeting_endurance_v2_1774001805_497,running,44,498,0,3,0,1,1,1,0,0
2026-03-20 18:16:50,meeting_endurance_v2_1774001810_498,running,44,499,0,3,0,1,1,1,0,0
2026-03-20 18:16:56,meeting_endurance_v2_1774001815_499,running,44,500,0,3,0,1,1,1,0,0
2026-03-20 18:17:01,meeting_endurance_v2_1774001821_500,running,44,501,0,3,0,1,1,1,0,0
2026-03-20 18:17:06,meeting_endurance_v2_1774001826_501,running,44,502,0,3,0,1,1,1,0,0
2026-03-20 18:17:12,meeting_endurance_v2_1774001831_502,running,44,503,0,3,0,1,1,1,0,0
2026-03-20 18:17:17,meeting_endurance_v2_1774001837_503,running,44,504,0,3,0,1,1,1,0,0
2026-03-20 18:17:23,meeting_endurance_v2_1774001842_504,running,44,505,0,3,0,1,1,1,0,0
2026-03-20 18:17:28,meeting_endurance_v2_1774001848_505,running,44,506,0,3,0,1,1,1,0,0
2026-03-20 18:17:33,meeting_endurance_v2_1774001853_506,running,44,507,0,3,0,1,1,1,0,0
2026-03-20 18:17:38,meeting_endurance_v2_1774001858_507,running,45,508,0,3,0,1,1,1,0,0
2026-03-20 18:17:44,meeting_endurance_v2_1774001863_508,running,45,509,0,3,0,1,1,1,0,0
2026-03-20 18:17:49,meeting_endurance_v2_1774001869_509,running,45,510,0,3,0,1,1,1,0,0
2026-03-20 18:17:55,meeting_endurance_v2_1774001874_510,running,45,511,0,3,0,1,1,1,0,0
2026-03-20 18:18:00,meeting_endurance_v2_1774001880_511,running,45,512,0,3,0,1,1,1,0,0
2026-03-20 18:18:05,meeting_endurance_v2_1774001885_512,running,45,513,0,3,0,1,1,1,0,0
2026-03-20 18:18:11,meeting_endurance_v2_1774001890_513,running,45,514,0,3,0,1,1,1,0,0
2026-03-20 18:18:16,meeting_endurance_v2_1774001896_514,running,45,515,0,3,0,1,1,1,0,0
2026-03-20 18:18:21,meeting_endurance_v2_1774001901_515,running,45,516,0,3,0,1,1,1,0,0
2026-03-20 18:18:27,meeting_endurance_v2_1774001906_516,running,45,517,0,3,0,1,1,1,0,0
2026-03-20 18:18:32,meeting_endurance_v2_1774001912_517,running,45,518,0,3,0,1,1,1,0,0
2026-03-20 18:18:37,meeting_endurance_v2_1774001917_518,running,45,519,0,3,0,1,1,1,0,0
2026-03-20 18:18:43,meeting_endurance_v2_1774001922_519,running,46,520,0,3,0,1,1,1,0,0
2026-03-20 18:18:48,meeting_endurance_v2_1774001928_520,running,46,521,0,3,0,1,1,1,0,0
2026-03-20 18:18:53,meeting_endurance_v2_1774001933_521,running,46,522,0,3,0,1,1,1,0,0
2026-03-20 18:18:59,meeting_endurance_v2_1774001938_522,running,46,523,0,3,0,1,1,1,0,0
2026-03-20 18:19:04,meeting_endurance_v2_1774001944_523,running,46,524,0,3,0,1,1,1,0,0
2026-03-20 18:19:09,meeting_endurance_v2_1774001949_524,running,46,525,0,3,0,1,1,1,0,0
2026-03-20 18:19:15,meeting_endurance_v2_1774001954_525,running,46,526,0,3,0,1,1,1,0,0
2026-03-20 18:19:20,meeting_endurance_v2_1774001960_526,running,46,527,0,3,0,1,1,1,0,0
2026-03-20 18:19:25,meeting_endurance_v2_1774001965_527,running,46,528,0,3,0,1,1,1,0,0
2026-03-20 18:19:30,meeting_endurance_v2_1774001970_528,running,46,529,0,3,0,1,1,1,0,0
2026-03-20 18:19:36,meeting_endurance_v2_1774001975_529,running,46,530,0,3,0,1,1,1,0,0
2026-03-20 18:19:41,meeting_endurance_v2_1774001981_530,running,47,531,0,3,0,1,1,1,0,0
2026-03-20 18:19:46,meeting_endurance_v2_1774001986_531,running,47,532,0,3,0,1,1,1,0,0
2026-03-20 18:19:52,meeting_endurance_v2_1774001991_532,running,47,533,0,3,0,1,1,1,0,0
2026-03-20 18:19:57,meeting_endurance_v2_1774001997_533,running,47,534,0,3,0,1,1,1,0,0
2026-03-20 18:20:02,meeting_endurance_v2_1774002002_534,running,47,535,0,3,0,1,1,1,0,0
2026-03-20 18:20:08,meeting_endurance_v2_1774002007_535,running,47,536,0,3,0,1,1,1,0,0
2026-03-20 18:20:13,meeting_endurance_v2_1774002013_536,running,47,537,0,3,0,1,1,1,0,0
2026-03-20 18:20:18,meeting_endurance_v2_1774002018_537,running,47,538,0,3,0,1,1,1,0,0
2026-03-20 18:20:24,meeting_endurance_v2_1774002023_538,running,47,539,0,3,0,1,1,1,0,0
2026-03-20 18:20:29,meeting_endurance_v2_1774002029_539,running,47,540,0,3,0,1,1,1,0,0
2026-03-20 18:20:34,meeting_endurance_v2_1774002034_540,running,47,541,0,3,0,1,1,1,0,0
2026-03-20 18:20:40,meeting_endurance_v2_1774002039_541,running,48,542,0,3,0,1,1,1,0,0
2026-03-20 18:20:45,meeting_endurance_v2_1774002045_542,running,48,543,0,3,0,1,1,1,0,0
2026-03-20 18:20:50,meeting_endurance_v2_1774002050_543,running,48,544,0,3,0,1,1,1,0,0
2026-03-20 18:20:56,meeting_endurance_v2_1774002055_544,running,48,545,0,3,0,1,1,1,0,0
2026-03-20 18:21:01,meeting_endurance_v2_1774002061_545,running,48,546,0,3,0,1,1,1,0,0
2026-03-20 18:21:06,meeting_endurance_v2_1774002066_546,running,48,547,0,3,0,1,1,1,0,0
2026-03-20 18:21:12,meeting_endurance_v2_1774002071_547,running,48,548,0,3,0,1,1,1,0,0
2026-03-20 18:21:17,meeting_endurance_v2_1774002077_548,running,48,549,0,3,0,1,1,1,0,0
2026-03-20 18:21:22,meeting_endurance_v2_1774002082_549,running,48,550,0,3,0,1,1,1,0,0
2026-03-20 18:21:28,meeting_endurance_v2_1774002087_550,running,48,551,0,3,0,1,1,1,0,0
2026-03-20 18:21:33,meeting_endurance_v2_1774002093_551,running,48,552,0,3,0,1,1,1,0,0
2026-03-20 18:21:38,meeting_endurance_v2_1774002098_552,running,49,553,0,3,0,1,1,1,0,0
2026-03-20 18:21:44,meeting_endurance_v2_1774002103_553,running,49,554,0,3,0,1,1,1,0,0
2026-03-20 18:21:49,meeting_endurance_v2_1774002109_554,running,49,555,0,3,0,1,1,1,0,0
2026-03-20 18:21:54,meeting_endurance_v2_1774002114_555,running,49,556,0,3,0,1,1,1,0,0
2026-03-20 18:22:00,meeting_endurance_v2_1774002119_556,running,49,557,0,3,0,1,1,1,0,0
2026-03-20 18:22:05,meeting_endurance_v2_1774002125_557,running,49,558,0,3,0,1,1,1,0,0
2026-03-20 18:22:10,meeting_endurance_v2_1774002130_558,running,49,559,0,3,0,1,1,1,0,0
2026-03-20 18:22:16,meeting_endurance_v2_1774002135_559,running,49,560,0,3,0,1,1,1,0,0
2026-03-20 18:22:21,meeting_endurance_v2_1774002141_560,running,49,561,0,3,0,1,1,1,0,0
2026-03-20 18:22:26,meeting_endurance_v2_1774002146_561,running,49,562,0,3,0,1,1,1,0,0
2026-03-20 18:22:32,meeting_endurance_v2_1774002151_562,running,49,563,0,3,0,1,1,1,0,0
2026-03-20 18:22:37,meeting_endurance_v2_1774002157_563,running,49,564,0,3,0,1,1,1,0,0
2026-03-20 18:22:42,meeting_endurance_v2_1774002162_564,running,50,565,0,3,0,1,1,1,0,0
2026-03-20 18:22:48,meeting_endurance_v2_1774002167_565,running,50,566,0,3,0,1,1,1,0,0
2026-03-20 18:22:53,meeting_endurance_v2_1774002173_566,running,50,567,0,3,0,1,1,1,0,0
2026-03-20 18:22:58,meeting_endurance_v2_1774002178_567,running,50,568,0,3,0,1,1,1,0,0
2026-03-20 18:23:04,meeting_endurance_v2_1774002183_568,running,50,569,0,3,0,1,1,1,0,0
2026-03-20 18:23:09,meeting_endurance_v2_1774002189_569,running,50,570,0,3,0,1,1,1,0,0
2026-03-20 18:23:14,meeting_endurance_v2_1774002194_570,running,50,571,0,3,0,1,1,1,0,0
2026-03-20 18:23:20,meeting_endurance_v2_1774002199_571,running,50,572,0,3,0,1,1,1,0,0
2026-03-20 18:23:25,meeting_endurance_v2_1774002205_572,running,50,573,0,3,0,1,1,1,0,0
2026-03-20 18:23:30,meeting_endurance_v2_1774002210_573,running,50,574,0,3,0,1,1,1,0,0
2026-03-20 18:23:36,meeting_endurance_v2_1774002215_574,running,50,575,0,3,0,1,1,1,0,0
2026-03-20 18:23:41,meeting_endurance_v2_1774002221_575,running,51,576,0,3,0,1,1,1,0,0
2026-03-20 18:23:46,meeting_endurance_v2_1774002226_576,running,51,577,0,3,0,1,1,1,0,0
2026-03-20 18:23:52,meeting_endurance_v2_1774002231_577,running,51,578,0,3,0,1,1,1,0,0
2026-03-20 18:23:57,meeting_endurance_v2_1774002237_578,running,51,579,0,3,0,1,1,1,0,0
2026-03-20 18:24:02,meeting_endurance_v2_1774002242_579,running,51,580,0,3,0,1,1,1,0,0
2026-03-20 18:24:08,meeting_endurance_v2_1774002247_580,running,51,581,0,3,0,1,1,1,0,0
2026-03-20 18:24:13,meeting_endurance_v2_1774002253_581,running,51,582,0,3,0,1,1,1,0,0
2026-03-20 18:24:18,meeting_endurance_v2_1774002258_582,running,51,583,0,3,0,1,1,1,0,0
2026-03-20 18:24:24,meeting_endurance_v2_1774002263_583,running,51,584,0,3,0,1,1,1,0,0
2026-03-20 18:24:29,meeting_endurance_v2_1774002269_584,running,51,585,0,3,0,1,1,1,0,0
2026-03-20 18:24:34,meeting_endurance_v2_1774002274_585,running,51,586,0,3,0,1,1,1,0,0
2026-03-20 18:24:40,meeting_endurance_v2_1774002279_586,running,52,587,0,3,0,1,1,1,0,0
2026-03-20 18:24:45,meeting_endurance_v2_1774002285_587,running,52,588,0,3,0,1,1,1,0,0
2026-03-20 18:24:50,meeting_endurance_v2_1774002290_588,running,52,589,0,3,0,1,1,1,0,0
2026-03-20 18:24:56,meeting_endurance_v2_1774002295_589,running,52,590,0,3,0,1,1,1,0,0
2026-03-20 18:25:01,meeting_endurance_v2_1774002301_590,running,52,591,0,3,0,1,1,1,0,0
2026-03-20 18:25:06,meeting_endurance_v2_1774002306_591,running,52,592,0,3,0,1,1,1,0,0
2026-03-20 18:25:12,meeting_endurance_v2_1774002311_592,running,52,593,0,3,0,1,1,1,0,0
2026-03-20 18:25:17,meeting_endurance_v2_1774002317_593,running,52,594,0,3,0,1,1,1,0,0
2026-03-20 18:25:22,meeting_endurance_v2_1774002322_594,running,52,595,0,3,0,1,1,1,0,0
2026-03-20 18:25:27,meeting_endurance_v2_1774002327_595,running,52,596,0,3,0,1,1,1,0,0
2026-03-20 18:25:33,meeting_endurance_v2_1774002332_596,running,52,597,0,3,0,1,1,1,0,0
2026-03-20 18:25:38,meeting_endurance_v2_1774002338_597,running,53,598,0,3,0,1,1,1,0,0
2026-03-20 18:25:44,meeting_endurance_v2_1774002343_598,running,53,599,0,3,0,1,1,1,0,0
2026-03-20 18:25:49,meeting_endurance_v2_1774002349_599,running,53,600,0,3,0,1,1,1,0,0
2026-03-20 18:25:54,meeting_endurance_v2_1774002354_600,running,53,601,0,3,0,1,1,1,0,0
2026-03-20 18:26:00,meeting_endurance_v2_1774002359_601,running,53,602,0,3,0,1,1,1,0,0
2026-03-20 18:26:05,meeting_endurance_v2_1774002365_602,running,53,603,0,3,0,1,1,1,0,0
2026-03-20 18:26:10,meeting_endurance_v2_1774002370_603,running,53,604,0,3,0,1,1,1,0,0
2026-03-20 18:26:16,meeting_endurance_v2_1774002375_604,running,53,605,0,3,0,1,1,1,0,0
2026-03-20 18:26:21,meeting_endurance_v2_1774002381_605,running,53,606,0,3,0,1,1,1,0,0
2026-03-20 18:26:26,meeting_endurance_v2_1774002386_606,running,53,607,0,3,0,1,1,1,0,0
2026-03-20 18:26:32,meeting_endurance_v2_1774002391_607,running,53,608,0,3,0,1,1,1,0,0
2026-03-20 18:26:37,meeting_endurance_v2_1774002397_608,running,53,609,0,3,0,1,1,1,0,0
2026-03-20 18:26:42,meeting_endurance_v2_1774002402_609,running,54,610,0,3,0,1,1,1,0,0
2026-03-20 18:26:47,meeting_endurance_v2_1774002407_610,running,54,611,0,3,0,1,1,1,0,0
2026-03-20 18:26:53,meeting_endurance_v2_1774002412_611,running,54,612,0,3,0,1,1,1,0,0
2026-03-20 18:26:58,meeting_endurance_v2_1774002418_612,running,54,613,0,3,0,1,1,1,0,0
2026-03-20 18:27:04,meeting_endurance_v2_1774002423_613,running,54,614,0,3,0,1,1,1,0,0
2026-03-20 18:27:09,meeting_endurance_v2_1774002429_614,running,54,615,0,3,0,1,1,1,0,0
2026-03-20 18:27:14,meeting_endurance_v2_1774002434_615,running,54,616,0,3,0,1,1,1,0,0
2026-03-20 18:27:20,meeting_endurance_v2_1774002439_616,running,54,617,0,3,0,1,1,1,0,0
2026-03-20 18:27:25,meeting_endurance_v2_1774002445_617,running,54,618,0,3,0,1,1,1,0,0
2026-03-20 18:27:30,meeting_endurance_v2_1774002450_618,running,54,619,0,3,0,1,1,1,0,0
2026-03-20 18:27:35,meeting_endurance_v2_1774002455_619,running,54,620,0,3,0,1,1,1,0,0
2026-03-20 18:27:41,meeting_endurance_v2_1774002461_620,running,55,621,0,3,0,1,1,1,0,0
2026-03-20 18:27:46,meeting_endurance_v2_1774002466_621,running,55,622,0,3,0,1,1,1,0,0
2026-03-20 18:27:52,meeting_endurance_v2_1774002471_622,running,55,623,0,3,0,1,1,1,0,0
2026-03-20 18:27:57,meeting_endurance_v2_1774002477_623,running,55,624,0,3,0,1,1,1,0,0
2026-03-20 18:28:02,meeting_endurance_v2_1774002482_624,running,55,625,0,3,0,1,1,1,0,0
2026-03-20 18:28:08,meeting_endurance_v2_1774002487_625,running,55,626,0,3,0,1,1,1,0,0
2026-03-20 18:28:13,meeting_endurance_v2_1774002493_626,running,55,627,0,3,0,1,1,1,0,0
2026-03-20 18:28:18,meeting_endurance_v2_1774002498_627,running,55,628,0,3,0,1,1,1,0,0
2026-03-20 18:28:24,meeting_endurance_v2_1774002503_628,running,55,629,0,3,0,1,1,1,0,0
2026-03-20 18:28:29,meeting_endurance_v2_1774002509_629,running,55,630,0,3,0,1,1,1,0,0
2026-03-20 18:28:34,meeting_endurance_v2_1774002514_630,running,55,631,0,3,0,1,1,1,0,0
2026-03-20 18:28:40,meeting_endurance_v2_1774002519_631,running,56,632,0,3,0,1,1,1,0,0
2026-03-20 18:28:45,meeting_endurance_v2_1774002525_632,running,56,633,0,3,0,1,1,1,0,0
2026-03-20 18:28:50,meeting_endurance_v2_1774002530_633,running,56,634,0,3,0,1,1,1,0,0
2026-03-20 18:28:55,meeting_endurance_v2_1774002535_634,running,56,635,0,3,0,1,1,1,0,0
2026-03-20 18:29:01,meeting_endurance_v2_1774002540_635,running,56,636,0,3,0,1,1,1,0,0
2026-03-20 18:29:06,meeting_endurance_v2_1774002546_636,running,56,637,0,3,0,1,1,1,0,0
2026-03-20 18:29:11,meeting_endurance_v2_1774002551_637,running,56,638,0,3,0,1,1,1,0,0
2026-03-20 18:29:17,meeting_endurance_v2_1774002556_638,running,56,639,0,3,0,1,1,1,0,0
2026-03-20 18:29:22,meeting_endurance_v2_1774002562_639,running,56,640,0,3,0,1,1,1,0,0
2026-03-20 18:29:27,meeting_endurance_v2_1774002567_640,running,56,641,0,3,0,1,1,1,0,0
2026-03-20 18:29:33,meeting_endurance_v2_1774002572_641,running,56,642,0,3,0,1,1,1,0,0
2026-03-20 18:29:38,meeting_endurance_v2_1774002578_642,running,57,643,0,3,0,1,1,1,0,0
2026-03-20 18:29:43,meeting_endurance_v2_1774002583_643,running,57,644,0,3,0,1,1,1,0,0
2026-03-20 18:29:49,meeting_endurance_v2_1774002588_644,running,57,645,0,3,0,1,1,1,0,0
2026-03-20 18:29:54,meeting_endurance_v2_1774002594_645,running,57,646,0,3,0,1,1,1,0,0
2026-03-20 18:29:59,meeting_endurance_v2_1774002599_646,running,57,647,0,3,0,1,1,1,0,0
2026-03-20 18:30:05,meeting_endurance_v2_1774002604_647,running,57,648,0,3,0,1,1,1,0,0
2026-03-20 18:30:10,meeting_endurance_v2_1774002610_648,running,57,649,0,3,0,1,1,1,0,0
2026-03-20 18:30:15,meeting_endurance_v2_1774002615_649,running,57,650,0,3,0,1,1,1,0,0
2026-03-20 18:30:21,meeting_endurance_v2_1774002620_650,running,57,651,0,3,0,1,1,1,0,0
2026-03-20 18:30:26,meeting_endurance_v2_1774002626_651,running,57,652,0,3,0,1,1,1,0,0
2026-03-20 18:30:31,meeting_endurance_v2_1774002631_652,running,57,653,0,3,0,1,1,1,0,0
2026-03-20 18:30:37,meeting_endurance_v2_1774002636_653,running,57,654,0,3,0,1,1,1,0,0
2026-03-20 18:30:42,meeting_endurance_v2_1774002642_654,running,58,655,0,3,0,1,1,1,0,0
2026-03-20 18:30:47,meeting_endurance_v2_1774002647_655,running,58,656,0,3,0,1,1,1,0,0
2026-03-20 18:30:53,meeting_endurance_v2_1774002652_656,running,58,657,0,3,0,1,1,1,0,0
2026-03-20 18:30:58,meeting_endurance_v2_1774002658_657,running,58,658,0,3,0,1,1,1,0,0
2026-03-20 18:31:03,meeting_endurance_v2_1774002663_658,running,58,659,0,3,0,1,1,1,0,0
2026-03-20 18:31:09,meeting_endurance_v2_1774002668_659,running,58,660,0,3,0,1,1,1,0,0
2026-03-20 18:31:14,meeting_endurance_v2_1774002674_660,running,58,661,0,3,0,1,1,1,0,0
2026-03-20 18:31:19,meeting_endurance_v2_1774002679_661,running,58,662,0,3,0,1,1,1,0,0
2026-03-20 18:31:25,meeting_endurance_v2_1774002684_662,running,58,663,0,3,0,1,1,1,0,0
2026-03-20 18:31:30,meeting_endurance_v2_1774002690_663,running,58,664,0,3,0,1,1,1,0,0
2026-03-20 18:31:35,meeting_endurance_v2_1774002695_664,running,58,665,0,3,0,1,1,1,0,0
2026-03-20 18:31:40,meeting_endurance_v2_1774002700_665,running,59,666,0,3,0,1,1,1,0,0
2026-03-20 18:31:46,meeting_endurance_v2_1774002705_666,running,59,667,0,3,0,1,1,1,0,0
2026-03-20 18:31:51,meeting_endurance_v2_1774002711_667,running,59,668,0,3,0,1,1,1,0,0
2026-03-20 18:31:57,meeting_endurance_v2_1774002716_668,running,59,669,0,3,0,1,1,1,0,0
2026-03-20 18:32:02,meeting_endurance_v2_1774002722_669,running,59,670,0,3,0,1,1,1,0,0
2026-03-20 18:32:07,meeting_endurance_v2_1774002727_670,running,59,671,0,3,0,1,1,1,0,0
2026-03-20 18:32:13,meeting_endurance_v2_1774002732_671,running,59,672,0,3,0,1,1,1,0,0
2026-03-20 18:32:18,meeting_endurance_v2_1774002738_672,running,59,673,0,3,0,1,1,1,0,0
2026-03-20 18:32:23,meeting_endurance_v2_1774002743_673,running,59,674,0,3,0,1,1,1,0,0
2026-03-20 18:32:29,meeting_endurance_v2_1774002748_674,running,59,675,0,3,0,1,1,1,0,0
2026-03-20 18:32:34,meeting_endurance_v2_1774002754_675,running,59,676,0,3,0,1,1,1,0,0
